variant_summary_id	sample_id	pipeline_run_id	gene_symbol	variant_class	protein_change	chromosome	position	ref_allele	alt_allele	tumor_vaf	clinical_significance	is_driver	reported_flag	source_file_asset_id	created_at
VAR00001	SMP0001	PRUN0002	KRAS	SNV	p.G12D	12	64886545	G	G	0.1559	PATHOGENIC	True	True	FILE00006	2025-09-08 08:05:00-07:00
VAR00002	SMP0001	PRUN0002	NRAS	SNV	p.V600E	1	120891310	A	G	0.1873	VUS	False	False	FILE00006	2025-09-08 08:05:00-07:00
VAR00003	SMP0001	PRUN0002	ERBB2	INDEL	p.V600E	17	13924484	T	T	0.5794	LIKELY_PATHOGENIC	False	True	FILE00006	2025-09-08 08:05:00-07:00
VAR00004	SMP0001	PRUN0002	APC	SNV	p.H1047R	5	95282899	T	A	0.6516	BENIGN	False	False	FILE00006	2025-09-08 08:05:00-07:00
VAR00005	SMP0001	PRUN0002	ROS1	SNV	p.L858R	6	80163928	A	G	0.2258	PATHOGENIC	True	True	FILE00006	2025-09-08 08:05:00-07:00
VAR00006	SMP0001	PRUN0002	NPM1	SNV	p.V600E	5	44192471	A	A	0.2835	PATHOGENIC	False	True	FILE00006	2025-09-08 08:05:00-07:00
VAR00007	SMP0001	PRUN0002	PIK3CA	SNV	p.E545K	3	45291096	T	C	0.0702	VUS	False	False	FILE00006	2025-09-08 08:05:00-07:00
VAR00008	SMP0001	PRUN0002	SMAD4	SNV	p.R132H	18	145988816	G	G	0.2531	PATHOGENIC	False	True	FILE00006	2025-09-08 08:05:00-07:00
VAR00009	SMP0001	PRUN0002	PTEN	SNV	p.V600E	10	42228984	A	G	0.0329	PATHOGENIC	False	True	FILE00006	2025-09-08 08:05:00-07:00
VAR00010	SMP0002	PRUN0005	NPM1	SNV	p.E545K	5	172313000	G	A	0.3852	PATHOGENIC	False	True	FILE00017	2025-12-10 02:05:00-08:00
VAR00011	SMP0003	PRUN0008	NPM1	CNV	p.D835Y	5	25464368	T	C	0.3083	LIKELY_PATHOGENIC	False	True	FILE00028	2026-02-01 10:05:00-08:00
VAR00012	SMP0004	PRUN0013	ALK	SNV	p.E545K	2	61731448	G	A	0.1433	PATHOGENIC	True	True	FILE00046	2025-12-20 09:05:00-08:00
VAR00013	SMP0004	PRUN0013	NRAS	SNV	p.V600E	1	112128694	C	A	0.6606	PATHOGENIC	False	True	FILE00046	2025-12-20 09:05:00-08:00
VAR00014	SMP0005	PRUN0016	PTEN	SNV	p.E545K	10	135781836	C	A	0.7419	LIKELY_PATHOGENIC	False	True	FILE00057	2025-10-12 02:05:00-07:00
VAR00015	SMP0005	PRUN0016	SMAD4	FUSION	p.E545K	18	52734514	C	A	0.3475	PATHOGENIC	False	True	FILE00057	2025-10-12 02:05:00-07:00
VAR00016	SMP0005	PRUN0016	IDH2	INDEL	p.D835Y	15	160731889	G	G	0.7131	PATHOGENIC	True	True	FILE00057	2025-10-12 02:05:00-07:00
VAR00017	SMP0006	PRUN0021	EGFR	SNV	p.D835Y	7	140502733	T	A	0.6199	VUS	True	False	FILE00073	2025-09-06 08:05:00-07:00
VAR00018	SMP0010	PRUN0032	KRAS	CNV	p.Q61H	12	28109414	G	G	0.6884	PATHOGENIC	True	True	FILE00110	2025-10-02 01:05:00-07:00
VAR00019	SMP0010	PRUN0032	PTEN	SNV	p.G13R	10	127982485	A	C	0.2366	LIKELY_PATHOGENIC	False	True	FILE00110	2025-10-02 01:05:00-07:00
VAR00020	SMP0010	PRUN0032	PIK3CA	SNV	p.H1047R	3	11410607	T	G	0.5479	VUS	False	False	FILE00110	2025-10-02 01:05:00-07:00
